id,question
0,What is the proper starting position for doing push-ups?
0,Which muscle groups are primarily worked during push-ups?
0,How do I perform a push-up correctly?
0,What type of exercise are push-ups classified as?
0,Do I need any equipment to do push-ups?
1,What are the primary muscle groups activated during squats?
1,Can I perform squats without any equipment?
1,What is the correct stance width for doing squats?
1,How should I position my chest while performing squats?
1,What is the initial movement when starting a squat?
2,What is the plank exercise primarily targeting in the body?
2,How should I position my elbows when performing a plank?
2,What type of equipment is required for the plank exercise?
2,What is the correct form for holding a plank?
2,Which muscle groups are activated during the plank?
3,What is the primary exercise associated with the deadlift?
3,Can you tell me what equipment is needed to perform a deadlift?
3,Which muscle groups are primarily targeted during a deadlift?
3,What are the step-by-step instructions for executing a deadlift?
3,What type of activity does the deadlift fall under in strength training?
4,What muscles are primarily worked during Bicep Curls?
4,What equipment do I need to perform Bicep Curls?
4,Can you describe the correct form for Bicep Curls?
4,What type of exercise is Bicep Curls classified as?
4,Which body part is targeted by Bicep Curls?
5,What is the main focus of the Kettlebell Swing exercise?
5,Which equipment do I need to perform the Kettlebell Swing?
5,How should I position my feet when doing a Kettlebell Swing?
5,What muscle groups are engaged during the Kettlebell Swing?
5,Can you explain the proper technique for swinging the kettlebell?
6,What equipment do I need to perform the Shoulder Press exercise?
6,Which muscle groups are targeted during the Shoulder Press?
6,Can you explain the steps to correctly perform the Shoulder Press?
6,Is the Shoulder Press considered a push or pull exercise?
6,What part of the body does the Shoulder Press primarily work on?
7,What is the primary muscle group targeted by the Lat Pulldown exercise?
7,Can you explain the correct way to perform the Lat Pulldown using the machine?
7,What type of workout is the Lat Pulldown classified as?
7,Which body part does the Lat Pulldown primarily strengthen?
7,What equipment is needed to perform the Lat Pulldown exercise?
8,How do I perform the Hamstring Stretch correctly?
8,What equipment do I need for the Hamstring Stretch?
8,Which part of the body does the Hamstring Stretch target?
8,Is the Hamstring Stretch suitable for mobility training?
8,How should I position my body during the Hamstring Stretch?
9,What is the primary type of exercise for Jumping Jacks?
9,Which muscle groups are activated during Jumping Jacks?
9,What position should I start in before doing Jumping Jacks?
9,Do I need any equipment to perform Jumping Jacks?
9,How do I properly execute a Jumping Jack?
10,What muscles are primarily worked during the Bench Press exercise?
10,Can you explain how to perform a Bench Press correctly?
10,What type of equipment do I need for the Bench Press?
10,Which body part is targeted when I do the Bench Press?
10,Is the Bench Press classified as a push or pull exercise?
11,What are the main muscle groups activated when performing lunges?
11,Can I do lunges without any equipment?
11,How do I properly execute a lunge?
11,Which body part predominantly works during lunges?
11,Is lunge classified as a strength exercise?
12,What equipment do I need to perform pull-ups?
12,Which muscle groups are primarily worked during pull-ups?
12,Can you walk me through the steps to do a pull-up properly?
12,Is this exercise suitable for strengthening my upper body?
12,What grip should I use when doing pull-ups?
13,What are Mountain Climbers and how do they benefit my fitness routine?
13,Which muscles are primarily targeted during Mountain Climbers?
13,Do I need any equipment to perform Mountain Climbers?
13,Can Mountain Climbers help improve my core strength?
13,What is the correct starting position for doing Mountain Climbers?
14,What is the proper starting position for performing Leg Raises?
14,Which muscle groups are primarily activated during Leg Raises?
14,Can I perform Leg Raises without any equipment?
14,What is the technique for lifting the legs during this exercise?
14,"Is the Leg Raise considered a strength exercise, and if so, why?"
15,What are tricep dips and how are they performed?
15,Which muscle groups are worked during tricep dips?
15,Is any equipment needed to do tricep dips?
15,What body part is primarily targeted by tricep dips?
15,Can tricep dips be done using a chair?
16,What are the primary muscle groups engaged during Russian Twists?
16,Can you explain the correct form for performing Russian Twists?
16,Do I need any equipment to do Russian Twists effectively?
16,What body part does the Russian Twist primarily target?
16,Is there a particular position I should be in while performing Russian Twists?
17,What are burpees and how do they work?
17,Which muscle groups do burpees target specifically?
17,Do I need any equipment to perform burpees?
17,Can you provide a step-by-step guide on how to do a burpee?
17,What type of workout can I classify burpees under?
18,What equipment do I need for Dumbbell Rows?
18,Which muscle groups are targeted during Dumbbell Rows?
18,Can you describe the proper form for performing Dumbbell Rows?
18,Is this exercise effective for strengthening the upper body?
18,What type of workout is Dumbbell Rows classified as?
19,What is the correct way to perform Goblet Squats with a kettlebell?
19,Which muscle groups are targeted during Goblet Squats?
19,Is Goblet Squat considered a strength exercise?
19,What equipment do I need for Goblet Squats?
19,How do I properly hold the kettlebell while doing Goblet Squats?
20,What is the correct position to start the Glute Bridge exercise?
20,Which muscles are primarily engaged when performing a Glute Bridge?
20,How should my body be aligned during the lift in a Glute Bridge?
20,Is the Glute Bridge exercise classified as a strength activity?
20,Do I need any equipment to perform the Glute Bridge exercise?
21,What is the correct way to perform the Overhead Tricep Extension with dumbbells?
21,Which muscle group does the Overhead Tricep Extension primarily target?
21,What equipment do I need for the Overhead Tricep Extension exercise?
21,Can you explain the movement involved in the Overhead Tricep Extension?
21,Is the Overhead Tricep Extension considered a push exercise?
22,What is the primary muscle group targeted by the Side Plank exercise?
22,Can you explain how to properly perform a Side Plank?
22,What type of equipment is needed for the Side Plank exercise?
22,Which part of the body does the Side Plank primarily focus on?
22,Is the Side Plank considered a strength or cardio exercise?
23,What muscles are primarily targeted during Cable Flyes?
23,Can you describe how to properly perform Cable Flyes?
23,What type of exercise is Cable Flyes considered?
23,Do I need to adjust the cable machine setting for Cable Flyes?
23,What is the correct stance while performing Cable Flyes?
24,What are the main muscle groups worked during Step-Ups?
24,Do I need any equipment to perform Step-Ups?
24,Can Step-Ups help strengthen my lower body?
24,How do I correctly perform Step-Ups for maximum effectiveness?
24,Is this exercise considered a strength training workout?
25,What are the main muscle groups targeted during Barbell Rows?
25,Can you describe the proper stance for performing Barbell Rows?
25,What type of equipment do I need to do Barbell Rows effectively?
25,Are Barbell Rows primarily a pulling exercise or pushing exercise?
25,What is the correct form for rowing the barbell towards my torso during this exercise?
26,What is the correct position to start the Chest Press exercise?
26,Which muscles are primarily engaged during the Chest Press?
26,What type of equipment do I need for the Chest Press?
26,How should I move the dumbbells during the exercise?
26,Is the Chest Press suitable for upper body strength training?
27,What muscle groups does the Box Jumps exercise target?
27,What type of equipment do I need for Box Jumps?
27,Can you describe the correct form for performing Box Jumps?
27,Is Box Jumps classified as a cardio or strength exercise?
27,How do I safely land when performing Box Jumps?
28,What muscles does the Hanging Leg Raise primarily target?
28,How should I position my body while doing a Hanging Leg Raise?
28,Is any equipment required for the Hanging Leg Raise exercise?
28,What is the proper technique for lowering my legs after raising them?
28,What type of exercise is the Hanging Leg Raise classified as?
29,What is the Farmer's Walk exercise and how is it performed?
29,Which equipment is required to do the Farmer's Walk?
29,What muscle groups are worked during the Farmer's Walk?
29,Can you explain the proper posture to maintain while doing the Farmer's Walk?
29,Is the Farmer's Walk considered a strength or cardio exercise?
30,What is the proper technique for performing calf raises?
30,What body part do calf raises primarily target?
30,Do I need any equipment to do calf raises?
30,How should I position my feet when executing calf raises?
30,Is this exercise considered a strength training activity?
31,What type of exercise is Battle Ropes considered?
31,Which muscle groups are activated during Battle Ropes?
31,What equipment do I need for the Battle Ropes exercise?
31,Can you explain how to perform Battle Ropes properly?
31,Which part of the body does the Battle Ropes primarily target?
32,What muscle groups are targeted by the Medicine Ball Slams exercise?
32,Can you explain how to properly perform a Medicine Ball Slam?
32,Is the Medicine Ball Slam considered a cardio or strength exercise?
32,What equipment do I need to do the Medicine Ball Slam?
32,Which parts of the body do I engage during this exercise?
33,What muscles are primarily targeted by the Dumbbell Deadlift exercise?
33,What equipment do I need to perform the Dumbbell Deadlift?
33,Can you describe how to properly execute the Dumbbell Deadlift?
33,What is the recommended stance width for the Dumbbell Deadlift?
33,Is the Dumbbell Deadlift considered a pull or push exercise?
34,What is the push press exercise and what equipment do I need?
34,Which muscle groups does the push press primarily target?
34,Can you explain how to properly perform a push press with a barbell?
34,Is there a specific body part or area that the push press focuses on?
34,What type of strength training does the push press fall under?
35,What type of activity is the Treadmill Run classified as?
35,Which muscle groups are primarily worked during the Treadmill Run?
35,What body part does the Treadmill Run mainly target?
35,What equipment do I need to perform the Treadmill Run?
35,How should I adjust the speed and incline on the treadmill for an effective workout?
36,What is the Incline Dumbbell Press and how is it performed?
36,Which muscle groups are targeted by the Incline Dumbbell Press?
36,What type of equipment do I need for the Incline Dumbbell Press?
36,Is the Incline Dumbbell Press considered a push exercise?
36,Can you explain the correct positioning while doing the Incline Dumbbell Press?
37,What is the primary muscle group targeted by Renegade Rows?
37,What equipment is required for performing Renegade Rows?
37,Can you explain the starting position for Renegade Rows?
37,Is Renegade Rows a strength exercise or a cardio exercise?
37,Which body part do Renegade Rows primarily work?
38,What muscles are primarily targeted when using the leg press machine?
38,How should I position my feet on the leg press machine?
38,Is the leg press considered a push or pull exercise?
38,What is the correct starting position for the leg press?
38,Can the leg press help strengthen my lower body?
39,What is the main muscle group worked by the Cable Tricep Pushdown?
39,What type of exercise is the Cable Tricep Pushdown classified as?
39,Which piece of equipment do I need to perform the Cable Tricep Pushdown?
39,Can you explain how to properly execute the Cable Tricep Pushdown?
39,What body part does the Cable Tricep Pushdown primarily target?
40,What is the primary focus of the Single-Leg Deadlift exercise?
40,What equipment do I need to perform the Single-Leg Deadlift?
40,Can you explain the proper stance for the Single-Leg Deadlift?
40,Which muscle groups are primarily activated during the Single-Leg Deadlift?
40,How should I position my free leg while doing the Single-Leg Deadlift?
41,What muscles are primarily targeted by performing inverted rows?
41,Can I perform inverted rows without any equipment?
41,How do I properly execute an inverted row to ensure I maintain a straight body position?
41,What body parts will benefit from including inverted rows in my workout routine?
41,"Is it necessary to warm up before doing inverted rows, and if so, what are some good warm-up exercises?"
42,What is the Pallof Press exercise and its primary focus?
42,Which equipment is necessary for performing the Pallof Press?
42,How should I position my body when starting the Pallof Press?
42,Which muscle groups get activated when doing the Pallof Press?
42,Can you explain the main motion involved in the Pallof Press?
43,What is the Kettlebell Deadlift and its primary focus?
43,Which muscle groups do I activate when performing the Kettlebell Deadlift?
43,What equipment do I need to perform the Kettlebell Deadlift?
43,Can you describe how my stance should be when doing the Kettlebell Deadlift?
43,How do I correctly lift the kettlebell during the exercise?
44,What is the correct way to perform Hanging Knee Tucks?
44,Which muscle groups are primarily engaged during Hanging Knee Tucks?
44,Do I need any equipment to do Hanging Knee Tucks?
44,How should I position my body while hanging from the bar?
44,Is the Hanging Knee Tuck exercise focused on strength training or cardio?
45,What type of exercise are Resistance Band Pull Aparts classified as?
45,What body part do Resistance Band Pull Aparts primarily target?
45,Can you tell me which muscles are activated during this exercise?
45,How do I properly perform the Resistance Band Pull Aparts?
45,What equipment do I need to perform this exercise?
46,What muscle groups do Bulgarian Split Squats target?
46,Can you describe the setup for Bulgarian Split Squats?
46,Is any equipment needed for Bulgarian Split Squats?
46,What is the main movement involved in Bulgarian Split Squats?
46,How do I perform the Bulgarian Split Squats correctly?
47,What is the Seated Shoulder Press and what type of activity is it?
47,What equipment do I need to perform the Seated Shoulder Press?
47,Which muscle groups are engaged during the Seated Shoulder Press?
47,How should I position my body when doing the Seated Shoulder Press?
47,What are the steps to execute the Seated Shoulder Press correctly?
48,What are incline push-ups and how do I perform them?
48,Which muscle groups do incline push-ups target?
48,What equipment do I need for incline push-ups?
48,Is there a specific body position to maintain during incline push-ups?
48,Can incline push-ups help build strength in my upper body?
49,What equipment do I need to perform hip thrusts effectively?
49,Which major muscle groups are activated during hip thrusts?
49,Can you describe the proper form for performing hip thrusts?
49,Is hip thrusts considered a push-type exercise?
49,What part of the body does the hip thrust primarily target?
50,What is the Barbell Curl exercise focused on strengthening?
50,What type of grip should I use when performing the Barbell Curl?
50,Can you describe the correct stance for the Barbell Curl?
50,What muscles are primarily activated during the Barbell Curl?
50,How do I perform the Barbell Curl correctly step by step?
51,What type of exercise is the Cable Row and what equipment do I need?
51,Which muscle groups does the Cable Row target during the workout?
51,Can you provide detailed instructions on how to perform the Cable Row correctly?
51,What body part is primarily worked by doing the Cable Row exercise?
51,"Is the Cable Row considered a pulling exercise, and how do I maintain proper form?"
52,What is the main focus of the Plank Shoulder Taps exercise?
52,Which equipment do I need to perform Plank Shoulder Taps?
52,How do I correctly perform a Plank Shoulder Tap?
52,What muscle groups are engaged during the Plank Shoulder Taps?
52,Is Plank Shoulder Taps more strength or mobility oriented?
53,What equipment do I need for the Dumbbell Lateral Raise exercise?
53,Which muscle groups are targeted when performing Dumbbell Lateral Raises?
53,Can you provide me with step-by-step instructions for doing the Dumbbell Lateral Raise?
53,Is the Dumbbell Lateral Raise considered a push exercise?
53,What body part is primarily worked during the Dumbbell Lateral Raise?
54,What are the main muscle groups targeted by the Wall Sit exercise?
54,Can you explain the proper technique to perform a Wall Sit effectively?
54,What type of activity is classified as a Wall Sit?
54,"Is any equipment needed to do a Wall Sit, or is it bodyweight only?"
54,How should my body be positioned against the wall during the Wall Sit?
55,What is the name of the exercise that involves holding a plank while bringing knees to elbows?
55,Which body part does the Spider Plank primarily target?
55,What type of exercise is the Spider Plank classified as?
55,What muscle groups are activated during the Spider Plank?
55,How do I perform the Spider Plank correctly?
56,What stance should I use for the Sumo Deadlift?
56,Which equipment do I need for the Sumo Deadlift?
56,What muscle groups are activated during the Sumo Deadlift?
56,Can you explain the proper technique for lifting in a Sumo Deadlift?
56,What part of the body does the Sumo Deadlift primarily target?
57,What is the primary focus of the Single Arm Dumbbell Row exercise?
57,How do I position myself on the bench for the Single Arm Dumbbell Row?
57,Which muscle groups are primarily targeted when performing Single Arm Dumbbell Rows?
57,What type of equipment do I need for the Single Arm Dumbbell Row exercise?
57,Can you explain the movement involved in the Single Arm Dumbbell Row?
58,What is the Kettlebell Clean and Press exercise designed to work on?
58,Can you explain the main technique for the Kettlebell Clean and Press?
58,What equipment do I need for performing the Kettlebell Clean and Press?
58,Which muscle groups are primarily activated during the Kettlebell Clean and Press?
58,Is the Kettlebell Clean and Press classified as a strength or cardio exercise?
59,What type of exercise is Jump Rope classified as?
59,Which body parts benefit the most from Jump Rope exercises?
59,What equipment do I need to perform Jump Rope?
59,Can you explain how to perform Jump Rope correctly?
59,What muscle groups are activated during Jump Rope?
60,What is the primary muscle group targeted during the Side Lunge exercise?
60,Can I perform the Side Lunge without any equipment?
60,How do I properly execute a Side Lunge to maximize effectiveness?
60,What body parts are worked during the Side Lunge?
60,Is the Side Lunge considered a push or pull exercise?
61,What is the Machine Chest Fly exercise and what equipment do I need?
61,How do I properly perform the Machine Chest Fly to target my upper body effectively?
61,Which muscle groups does the Machine Chest Fly specifically activate?
61,Can you describe the steps involved in using the chest fly machine?
61,Is the Machine Chest Fly considered a push exercise and what area of the body does it mainly work on?
62,What muscles are primarily worked during the Hack Squat exercise?
62,Can you explain how to properly execute a Hack Squat on the machine?
62,Is the Hack Squat more effective for the lower body compared to other strength exercises?
62,What type of equipment do I need to perform a Hack Squat?
62,What body parts are engaged while performing Hack Squats?
63,What is the primary muscle group worked during Decline Push-Ups?
63,How should I position my body for performing Decline Push-Ups?
63,Do I need any special equipment for Decline Push-Ups?
63,Can Decline Push-Ups help in building upper body strength?
63,What movement is involved in the Decline Push-Up exercise?
64,What is the correct way to set up the Band Face Pull exercise with a resistance band?
64,Which muscle groups are primarily targeted during the Band Face Pull?
64,How should I position my elbows while performing the Band Face Pull?
64,Is the Band Face Pull suitable for improving upper body strength?
64,What type of resistance band should I use for the Band Face Pull exercise?
65,What is the primary focus area when performing the Ab Wheel Rollout exercise?
65,Can you describe the correct starting position for the Ab Wheel Rollout?
65,What muscles are primarily engaged during the Ab Wheel Rollout?
65,How should I maintain proper form while rolling the wheel forward?
65,Is it important to keep my core tight throughout the Ab Wheel Rollout?
66,What is the correct position for performing side leg raises?
66,Which muscles are primarily worked during side leg raises?
66,Do I need any equipment to do side leg raises?
66,How should I perform the movement in side leg raises?
66,What part of the body do side leg raises target?
67,What type of exercise is the Romanian Deadlift?
67,What equipment do I need to perform the Romanian Deadlift?
67,Which body parts are primarily targeted by the Romanian Deadlift?
67,Can you describe the steps to properly execute the Romanian Deadlift?
67,What muscle groups does the Romanian Deadlift activate?
68,What is the proper starting position for the Arnold Press exercise?
68,Which muscle groups are primarily targeted by the Arnold Press?
68,Can I perform the Arnold Press with any weight of dumbbells?
68,What type of activity is the Arnold Press classified as?
68,How do I execute the rotation of my arms during the Arnold Press?
69,What equipment do I need to perform the Landmine Press effectively?
69,Which muscle groups are targeted by the Landmine Press exercise?
69,Can you describe the proper technique for executing the Landmine Press?
69,Is the Landmine Press suitable for strengthening my upper body?
69,How do I position myself when using the barbell for the Landmine Press?
70,What are tuck jumps and what do they focus on?
70,Can you describe the technique for performing tuck jumps correctly?
70,What muscle groups are engaged while doing tuck jumps?
70,Is any equipment needed to perform tuck jumps?
70,Are tuck jumps more suitable for cardio or strength training?
71,What is the primary focus of the Windshield Wipers exercise?
71,Can you describe how to perform the Windshield Wipers correctly?
71,Which muscle groups are primarily engaged during Windshield Wipers?
71,Is any equipment needed for the Windshield Wipers exercise?
71,What position should I be in while doing Windshield Wipers?
72,What is the primary muscle group worked during Dumbbell Shrugs?
72,Can you describe the correct starting position for Dumbbell Shrugs?
72,What type of exercise are Dumbbell Shrugs classified as?
72,How should I perform the movement once I have my dumbbells?
72,What equipment do I need for the Dumbbell Shrugs exercise?
73,What are the primary muscle groups worked during the Sled Push exercise?
73,Can you explain the proper form for performing a Sled Push?
73,Is the Sled Push more of a cardio or strength exercise?
73,What type of equipment do I need for the Sled Push?
73,How should my body position look while pushing the sled?
74,What is the proper way to perform a Cable Bicep Curl?
74,Which muscle groups are primarily targeted during the Cable Bicep Curl exercise?
74,What type of equipment do I need to perform Cable Bicep Curls?
74,Is the Cable Bicep Curl considered a strength training exercise?
74,What body part does the Cable Bicep Curl focus on?
75,What equipment do I need for the Dumbbell Kickback exercise?
75,Which muscle groups are primarily worked during the Dumbbell Kickback?
75,Can you explain the proper form for performing a Dumbbell Kickback?
75,Is the Dumbbell Kickback primarily a push or pull exercise?
75,What body part is primarily targeted by the Dumbbell Kickback?
76,What is the correct position for performing Flutter Kicks?
76,How do I ensure I'm engaging my core during Flutter Kicks?
76,What muscle groups are primarily targeted by Flutter Kicks?
76,Do I need any equipment to perform Flutter Kicks effectively?
76,What is the main focus of the Flutter Kicks exercise?
77,What muscles are targeted during High Knees exercise?
77,Do I need any equipment to perform High Knees?
77,Can High Knees be considered a full body workout?
77,How do I properly execute High Knees for the best results?
77,Is High Knees suitable for beginners in cardio workouts?
78,What muscles are primarily targeted by Sledgehammer Slams?
78,What type of equipment is required for Sledgehammer Slams?
78,Can I use any surface aside from a tire for Sledgehammer Slams?
78,Is Sledgehammer Slams more of a cardio or strength exercise?
78,How should I perform the movement while using the sledgehammer?
79,What muscles are targeted with Lateral Step-Ups?
79,How do you perform the Lateral Step-Up exercise?
79,Is any equipment needed for Lateral Step-Ups?
79,Which body part is primarily worked during Lateral Step-Ups?
79,Is Lateral Step-Ups considered a strength exercise?
80,What is the primary muscle group worked by the Cable Chest Press?
80,Can you explain how to properly perform the Cable Chest Press?
80,What equipment is needed to do the Cable Chest Press exercise?
80,Is the Cable Chest Press classified as a strength or cardio exercise?
80,Which body part does the Cable Chest Press primarily target?
81,What is the primary muscle group targeted by the TRX Rows exercise?
81,How do I properly set up for TRX Rows using the equipment?
81,Can you explain the movement technique for performing TRX Rows correctly?
81,What is the main body part that benefits from doing TRX Rows?
81,Is the TRX Rows exercise considered a pushing or pulling movement?
82,What is the primary focus of the Medicine Ball Russian Twists exercise?
82,Which equipment do I need to perform Medicine Ball Russian Twists?
82,How should I sit while doing Medicine Ball Russian Twists?
82,What muscle groups are primarily targeted by this exercise?
82,Can you describe the movement pattern for Medicine Ball Russian Twists?
83,What is the Pendlay Row exercise used for?
83,What equipment do I need for Pendlay Row?
83,Which muscle groups are primarily targeted by the Pendlay Row?
83,Can you explain the proper technique for performing a Pendlay Row?
83,Is Pendlay Row primarily a pushing or pulling exercise?
84,What is the primary focus of the Side Plank with Leg Lift exercise?
84,What equipment do I need for the Side Plank with Leg Lift?
84,Can you explain how to properly perform a Side Plank with Leg Lift?
84,Which muscles are primarily targeted by the Side Plank with Leg Lift?
84,Is the Side Plank with Leg Lift a strength or cardio exercise?
85,What is the main muscle group targeted by the hip abduction exercise?
85,How do I properly perform the hip abduction exercise on the machine?
85,Is the hip abduction exercise considered a strength training activity?
85,What body part does the hip abduction exercise primarily focus on?
85,Do I need any special equipment to do the hip abduction exercise?
86,What is the Dumbbell Front Raise exercise primarily targeting?
86,What equipment do I need for the Dumbbell Front Raise?
86,Can you provide the steps for performing the Dumbbell Front Raise?
86,What type of exercise is the Dumbbell Front Raise classified as?
86,Which part of the body is worked during the Dumbbell Front Raise?
87,What type of exercise are chin-ups classified as?
87,Which muscle groups do chin-ups primarily target?
87,What grip should I use when performing chin-ups?
87,Can chin-ups be done without any equipment?
87,What is the correct form for completing a chin-up?
88,What is the Box Squat exercise and how is it performed?
88,What muscle groups are targeted when doing Box Squats?
88,Do I need any equipment to perform Box Squats?
88,What are the main benefits of including Box Squats in my workout routine?
88,Can you explain the proper stance for the Box Squat?
89,What is the primary focus of the Battle Rope Waves exercise?
89,Which muscle groups are engaged when performing Battle Rope Waves?
89,What type of equipment is needed for Battle Rope Waves?
89,Can you describe how to properly execute Battle Rope Waves?
89,Is Battle Rope Waves more of a cardio or strength exercise?
90,What equipment do I need for the Zercher Squat?
90,Which muscle groups are targeted by the Zercher Squat?
90,Can you describe how to perform a proper Zercher Squat?
90,Is the Zercher Squat suitable for beginners?
90,What type of exercise is the Zercher Squat classified as?
91,What is the primary muscle group targeted by walking lunges?
91,Can you explain how to perform walking lunges correctly?
91,Is any equipment needed for walking lunges?
91,What body parts are engaged during walking lunges?
91,Would walking lunges be classified as a strength exercise?
92,What muscles does the kettlebell snatch target in a full body workout?
92,Can you explain the correct technique for performing a kettlebell snatch?
92,Is the kettlebell snatch considered a push exercise?
92,What equipment do I need for the kettlebell snatch?
92,Which body parts are primarily engaged during the kettlebell snatch?
93,What is the Single-Leg Glute Bridge exercise used for?
93,How should I position my legs during the Single-Leg Glute Bridge?
93,What muscles are engaged when performing a Single-Leg Glute Bridge?
93,Can I perform the Single-Leg Glute Bridge without any equipment?
93,What is the proper technique for lifting my hips in this exercise?
94,What are TRX Push-Ups and how do I perform them?
94,Which muscle groups are primarily engaged during TRX Push-Ups?
94,What type of workout is a TRX Push-Up classified as?
94,What equipment do I need to do TRX Push-Ups?
94,How should my body be positioned while doing TRX Push-Ups?
95,What steps should I follow to perform the Machine Leg Curl exercise correctly?
95,Which muscle groups are primarily targeted by the Machine Leg Curl?
95,What type of equipment do I need to do the Machine Leg Curl?
95,Can you explain the starting position for the Machine Leg Curl?
95,Is the Machine Leg Curl focused on pushing or pulling movements?
96,What is the Incline Bench Press and what muscles does it target?
96,How do I properly perform the Incline Bench Press with a barbell?
96,What are the benefits of incorporating the Incline Bench Press into my routine?
96,Which equipment do I need to do the Incline Bench Press effectively?
96,"Is the Incline Bench Press focused on the upper body, and what specific muscle groups does it work?"
97,What is the Resistance Band Deadlift exercise primarily targeting in terms of muscle groups?
97,Can you explain how to properly perform the Resistance Band Deadlift?
97,What equipment do I need to perform the Resistance Band Deadlift exercise?
97,Is the Resistance Band Deadlift primarily a strength training activity?
97,Which body parts are most engaged during the Resistance Band Deadlift?
98,What is the correct starting position for the Decline Bench Press?
98,Which muscle groups does the Decline Bench Press primarily target?
98,Can I perform the Decline Bench Press with dumbbells instead of a barbell?
98,What are the key safety tips to remember while doing the Decline Bench Press?
98,How does the Decline Bench Press compare to the flat bench press in terms of muscle activation?
99,What are the primary muscles worked during the Dumbbell Step-Up exercise?
99,Can you describe how to properly perform the Dumbbell Step-Up?
99,What type of equipment is required for the Dumbbell Step-Up?
99,Is the Dumbbell Step-Up considered a strength exercise or a cardio workout?
99,Which part of the body does the Dumbbell Step-Up mainly target?
100,What is the Cable Lateral Raise exercise used for?
100,Which equipment do I need for Cable Lateral Raises?
100,What muscles does the Cable Lateral Raise target?
100,How should I position my arm during the Cable Lateral Raise?
100,Is the Cable Lateral Raise an upper body exercise?
101,What is the proper technique for executing a Reverse Lunge?
101,Which muscle groups does the Reverse Lunge primarily focus on?
101,Is any equipment required to perform the Reverse Lunge exercise?
101,What body part does the Reverse Lunge target most effectively?
101,What are the steps involved in completing a Reverse Lunge correctly?
102,What is the main technique for performing Toe Touches?
102,Which muscles are primarily worked during Toe Touches?
102,Do I need any equipment to perform Toe Touches?
102,What position should I be in before starting the Toe Touches?
102,How should my legs be positioned when doing Toe Touches?
103,What is the primary muscle group targeted by the Machine Leg Extension exercise?
103,Can you explain how to properly perform the Machine Leg Extension?
103,What part of the body does the Machine Leg Extension primarily work on?
103,Is this exercise considered a push movement or a pull movement?
103,What type of equipment do I need for the Machine Leg Extension?
104,What equipment do I need to perform the Dumbbell Pullover exercise?
104,Which muscle groups does the Dumbbell Pullover target?
104,What are the steps to correctly perform a Dumbbell Pullover?
104,In which part of my body will I feel the most engagement during this exercise?
104,Is the Dumbbell Pullover classified as a strength exercise or a cardio workout?
105,What is the correct technique for performing the Barbell Shrug?
105,Which muscle group is primarily targeted by the Barbell Shrug exercise?
105,Can you explain how to properly hold a barbell during this exercise?
105,What body part is mainly engaged when performing the Barbell Shrug?
105,"Do I need any specific equipment for the Barbell Shrug, and if so, what is it?"
106,What muscles are primarily worked during the T-Bar Row exercise?
106,Can you explain the proper stance for performing the T-Bar Row?
106,What type of equipment do I need to perform a T-Bar Row?
106,How should I execute the rowing motion in the T-Bar Row?
106,Is the T-Bar Row categorized as a pulling or pushing exercise?
107,What is the primary muscle group targeted by the Bulgarian Deadlift?
107,Can you explain the proper stance and grip for performing the Bulgarian Deadlift?
107,How do I ensure I have the correct form while lowering the weights in this exercise?
107,What equipment do I need to perform the Bulgarian Deadlift effectively?
107,Is the Bulgarian Deadlift suitable for improving strength in my lower body?
108,What is the correct way to perform a pistol squat?
108,Which muscles are primarily targeted during a pistol squat?
108,Do I need any equipment to do a pistol squat?
108,What body part does the pistol squat mainly work on?
108,Is the pistol squat a strength-building exercise?
109,What is the primary muscle group targeted during the Seated Leg Curl exercise?
109,How do I properly perform the Seated Leg Curl using the machine?
109,Is the Seated Leg Curl considered a strength training exercise?
109,Which body part does the Seated Leg Curl primarily work on?
109,What type of resistance does the Seated Leg Curl utilize?
110,What is the primary purpose of the Russian Kettlebell Swing exercise?
110,Which equipment do I need to perform the Russian Kettlebell Swing?
110,What body parts are targeted when doing the Russian Kettlebell Swing?
110,Can you explain the proper technique for executing the Russian Kettlebell Swing?
110,Is the Russian Kettlebell Swing more focused on cardio or strength training?
111,What is the Incline Dumbbell Curl exercise used for in strength training?
111,Can you explain how to properly perform the Incline Dumbbell Curl?
111,Which body parts are primarily targeted during the Incline Dumbbell Curl?
111,What equipment do I need to do the Incline Dumbbell Curl exercise?
111,Is the Incline Dumbbell Curl primarily a pushing or pulling exercise?
112,What is the correct way to perform Decline Sit-Ups?
112,Which muscle groups are targeted by Decline Sit-Ups?
112,What type of equipment do I need for Decline Sit-Ups?
112,Can I do Decline Sit-Ups without any equipment?
112,How does the decline position affect my core workout?
113,What is the correct starting position for the Side Plank Dips exercise?
113,How do I perform the motion involved in Side Plank Dips?
113,Which muscle groups are primarily targeted during Side Plank Dips?
113,Is any equipment needed to perform Side Plank Dips?
113,What type of exercise is the Side Plank Dips classified as?
114,What is the main focus of the Single Arm Kettlebell Swing exercise?
114,Which muscles are primarily activated during the Single Arm Kettlebell Swing?
114,What type of equipment do I need for the Single Arm Kettlebell Swing?
114,Can you explain the proper form for performing a Single Arm Kettlebell Swing?
114,Is the Single Arm Kettlebell Swing considered a push exercise?
115,What are jumping squats and how do I perform them?
115,Which muscle groups do jumping squats target?
115,Do I need any equipment to do jumping squats?
115,What is the main type of exercise classification for jumping squats?
115,Can you describe the proper technique for landing during jumping squats?
116,What is the primary muscle group targeted by the Cable Chest Fly exercise?
116,What type of equipment do I need to perform the Cable Chest Fly?
116,Can you describe how to properly execute the Cable Chest Fly?
116,Is the Cable Chest Fly considered a push or pull exercise?
116,Which body part does the Cable Chest Fly primarily focus on?
117,What is the proper technique for performing a Dumbbell Tricep Extension?
117,Which muscle group does the Dumbbell Tricep Extension primarily target?
117,What type of equipment do I need for the Dumbbell Tricep Extension exercise?
117,Can you explain how to hold the dumbbell during the Dumbbell Tricep Extension?
117,Is the Dumbbell Tricep Extension considered a push or pull exercise?
118,What is the main muscle group targeted by the Leg Curl exercise?
118,Can you describe how to properly perform the Leg Curl on the machine?
118,What body part does the Leg Curl primarily focus on?
118,Is the Leg Curl considered a pulling or pushing exercise?
118,What type of equipment do I need to perform the Leg Curl?
119,What is the correct starting position for a One-Arm Push-Up?
119,Which muscle groups are primarily worked during the One-Arm Push-Up?
119,Can you explain the steps for performing a One-Arm Push-Up?
119,Is any equipment needed to do a One-Arm Push-Up?
119,What type of physical activity does the One-Arm Push-Up fall under?
120,What is the primary purpose of the Machine Shoulder Press exercise?
120,Which muscle groups are targeted when performing the Machine Shoulder Press?
120,Can you explain how to properly perform the Machine Shoulder Press?
120,What type of equipment do I need to use for the Machine Shoulder Press?
120,Is the Machine Shoulder Press suitable for upper body strength training?
121,What is the Sumo Squat exercise and what does it target?
121,How should I position my feet during a Sumo Squat?
121,What muscles are activated when doing Sumo Squats?
121,Can I perform Sumo Squats without any equipment?
121,What is the proper technique for lowering into a Sumo Squat?
122,What equipment do I need for the Resistance Band Squat?
122,Which muscle groups are targeted by the Resistance Band Squat?
122,Can you explain how to properly perform the Resistance Band Squat?
122,Is the Resistance Band Squat suitable for building lower body strength?
122,What is the correct stance for the Resistance Band Squat?
123,What is the One-Legged Squat exercise?
123,What muscle groups does the One-Legged Squat target?
123,What type of equipment do I need for a One-Legged Squat?
123,Can you explain the proper technique for performing a One-Legged Squat?
123,Is the One-Legged Squat considered a push or pull exercise?
124,What equipment do I need for the Landmine Row exercise?
124,Which muscle groups are primarily targeted by the Landmine Row?
124,Can you explain how to properly perform the Landmine Row?
124,Is the Landmine Row suitable for upper body strength training?
124,What type of exercise is the Landmine Row classified as?
125,What is the primary muscle group targeted in the Superman Exercise?
125,Can you explain how to properly perform the Superman Exercise?
125,Is any equipment needed for the Superman Exercise?
125,What body position should I maintain while doing the Superman Exercise?
125,What are the benefits of including the Superman Exercise in my routine?
126,What is the proper form for performing Dumbbell Flyes on a bench?
126,Which muscle groups are primarily worked during Dumbbell Flyes?
126,What type of equipment do I need to do Dumbbell Flyes?
126,Is Dumbbell Flyes considered a push or pull exercise?
126,Can you explain how to correctly position my arms and weights during Dumbbell Flyes?
127,What is the Reverse Fly exercise used for?
127,What muscle groups does the Reverse Fly target?
127,How should I position my body when performing the Reverse Fly?
127,What type of equipment do I need for the Reverse Fly?
127,Is the Reverse Fly considered a pulling exercise?
128,What equipment do I need for Cable Kickbacks?
128,Which body part do Cable Kickbacks primarily target?
128,Can you explain how to perform Cable Kickbacks correctly?
128,What muscles are activated during Cable Kickbacks?
128,Is Cable Kickbacks considered a strength exercise?
129,What is the primary muscle group targeted by the Kettlebell Push Press?
129,Can you describe the starting position for the Kettlebell Push Press?
129,How should I use my legs during the Kettlebell Push Press?
129,Is the Kettlebell Push Press primarily an upper body exercise?
129,What equipment do I need for the Kettlebell Push Press?
130,What is the proper starting position for the Dead Bug exercise?
130,Which muscle groups does the Dead Bug primarily target?
130,How do I ensure my back stays flat during the Dead Bug?
130,Can I perform the Dead Bug without any equipment?
130,What should I do with my arms while lowering my legs in the Dead Bug?
131,What is the primary muscle group worked during the Smith Machine Squat?
131,Can you explain how to perform a Smith Machine Squat correctly?
131,Is the Smith Machine Squat considered a strength training exercise?
131,Which body part does the Smith Machine Squat primarily target?
131,What equipment do I need to perform a Smith Machine Squat?
132,What is the primary focus of the Reverse Hyperextension exercise?
132,Which muscle groups are engaged when performing Reverse Hyperextension?
132,How should I position myself on the hyperextension bench for this exercise?
132,Can you explain the movement I need to perform in Reverse Hyperextension?
132,Is the Reverse Hyperextension considered a strength training exercise?
133,What is the Landmine Twist exercise and how is it performed?
133,Which muscle groups are primarily targeted by the Landmine Twist?
133,What type of equipment do I need to perform the Landmine Twist?
133,Can you explain the correct form and technique for executing the Landmine Twist?
133,What body part does the Landmine Twist primarily work on?
134,What is the Machine Row exercise primarily targeting in my upper body?
134,Can you explain the proper setup for using the rowing machine?
134,How do I execute the pulling motion effectively during the Machine Row?
134,What muscle groups are activated when performing the Machine Row?
134,Are there any common mistakes I should avoid while doing the Machine Row?
135,What setup is required for performing the Seated Calf Raise exercise?
135,How do I properly execute the motion on the calf raise machine?
135,Which muscle groups are primarily targeted by the Seated Calf Raise?
135,What type of equipment do I need to perform the Seated Calf Raise?
135,Is the Seated Calf Raise considered a strength training exercise?
136,What muscles are targeted by the Kettlebell Windmill exercise?
136,How should I hold the kettlebell during the Kettlebell Windmill?
136,What is the proper form for performing a Kettlebell Windmill?
136,Which body parts benefit the most from the Kettlebell Windmill?
136,Is the Kettlebell Windmill primarily a strength or cardio exercise?
137,What is the main muscle group targeted by the Incline Barbell Bench Press?
137,What equipment do I need for the Incline Barbell Bench Press?
137,Can you explain the steps for performing the Incline Barbell Bench Press?
137,Is the Incline Barbell Bench Press considered a push exercise?
137,Which body part does the Incline Barbell Bench Press primarily work?
138,What is the Kettlebell Goblet Squat designed to improve?
138,How do I hold the kettlebell during the Goblet Squat?
138,Which muscle groups are primarily targeted by the Kettlebell Goblet Squat?
138,Is the Kettlebell Goblet Squat a push or pull exercise?
138,Can you explain the proper technique for performing a Kettlebell Goblet Squat?
139,"What are dumbbell thrusters, and how do I perform them effectively?"
139,Which muscle groups are primarily worked during dumbbell thrusters?
139,What equipment do I need to complete the dumbbell thrusters exercise?
139,Can you describe the correct stance or position for doing dumbbell thrusters?
139,Is this exercise considered a push or a pull movement?
140,What is the primary muscle group targeted by the Lying Leg Curl exercise?
140,Can you explain the proper form for using the leg curl machine?
140,Is the Lying Leg Curl considered a strength training exercise?
140,What body part does the Lying Leg Curl mainly focus on?
140,How do I perform the Lying Leg Curl correctly?
141,What is the primary muscle group targeted during a Dumbbell Hammer Curl?
141,Can you describe the starting position for performing Dumbbell Hammer Curls?
141,What type of equipment do I need to perform this exercise?
141,Is the Dumbbell Hammer Curl considered a pull or push exercise?
141,Which body part does the Dumbbell Hammer Curl primarily work on?
142,What muscles are worked during the Landmine Squat Press?
142,How do I perform the Landmine Squat Press correctly?
142,What type of equipment do I need for the Landmine Squat Press?
142,Is the Landmine Squat Press suitable for full body workouts?
142,What is the main movement involved in the Landmine Squat Press?
143,What is the Zottman Curl exercise and which muscle groups does it target?
143,What equipment do I need to perform the Zottman Curl?
143,Can you describe the proper stance and initial position for doing the Zottman Curl?
143,How do I properly execute the rotation of my wrists during the Zottman Curl?
143,Is this exercise more beneficial for my biceps or forearms?
144,What is the primary muscle group targeted by the Cable Crunch exercise?
144,What type of equipment do I need to perform the Cable Crunch?
144,Could you describe the proper form for doing a Cable Crunch?
144,Is the Cable Crunch more effective for the core compared to other abdominal exercises?
144,Do I need to warm up before doing Cable Crunches on the cable machine?
145,What is the Stability Ball Pike exercise designed to improve?
145,What body parts does the Stability Ball Pike primarily target?
145,Can you explain how to perform the Stability Ball Pike correctly?
145,What equipment do I need to perform the Stability Ball Pike?
145,What muscle groups are activated during the Stability Ball Pike exercise?
146,What is the Standing Calf Raise exercise primarily targeting?
146,What type of equipment is needed for the Standing Calf Raise?
146,Can the Standing Calf Raise exercise be performed with bodyweight only?
146,What are the main instructions to follow for the Standing Calf Raise?
146,Is the Standing Calf Raise a push or pull exercise?
147,What are the steps to perform a Cable Kickback correctly?
147,Which muscle group is primarily worked during the Cable Kickback exercise?
147,Do I need any specific equipment for doing the Cable Kickback?
147,Can you explain the starting and ending positions for the Cable Kickback?
147,Is the Cable Kickback considered a push or pull exercise?
148,What is the name of the exercise targeting the upper body?
148,What equipment do I need to perform Spider Push-Ups?
148,Which muscle groups are activated during Spider Push-Ups?
148,Can you explain how to properly execute Spider Push-Ups?
148,What type of activity are Spider Push-Ups classified as?
149,How do I properly set up the Resistance Band Chest Press exercise?
149,What muscle groups are worked during the Resistance Band Chest Press?
149,What is the correct form for performing the Resistance Band Chest Press?
149,Can I adjust the resistance level while doing the Chest Press with the band?
149,What are the benefits of using a resistance band for chest pressing compared to weights?
150,What is the primary muscle targeted in the One-Arm Dumbbell Row?
150,What type of exercise is the One-Arm Dumbbell Row classified as?
150,What equipment do I need to perform the One-Arm Dumbbell Row?
150,Can you describe the starting position for the One-Arm Dumbbell Row?
150,What is the movement direction of the One-Arm Dumbbell Row?
151,What equipment do I need for the Incline Chest Press?
151,Which muscles does the Incline Chest Press target?
151,How should I position myself when performing the Incline Chest Press?
151,What is the proper technique for the Incline Chest Press?
151,Is the Incline Chest Press a push or pull exercise?
152,What is the primary muscle group targeted by the Machine Preacher Curl exercise?
152,Can you explain the proper way to perform the Machine Preacher Curl?
152,What type of equipment do I need for the Machine Preacher Curl?
152,Is the Machine Preacher Curl considered a strength training exercise?
152,Which body part does the Machine Preacher Curl mainly focus on?
153,What is the primary muscle group targeted during Hanging Knee Raises?
153,How do I properly perform Hanging Knee Raises using a pull-up bar?
153,What equipment do I need to execute Hanging Knee Raises correctly?
153,Can you explain the motion involved in Hanging Knee Raises?
153,Is Hanging Knee Raises suitable for strengthening the core?
154,What equipment do I need for the Decline Dumbbell Press?
154,Which muscles does the Decline Dumbbell Press target?
154,How do I perform the Decline Dumbbell Press correctly?
154,Is the Decline Dumbbell Press suitable for beginners?
154,What body part does the Decline Dumbbell Press primarily focus on?
155,What is the proper starting position for the Glute Kickback exercise?
155,How can I ensure I'm squeezing my glutes effectively during the movement?
155,What body parts are primarily targeted when performing Glute Kickbacks?
155,Do I need any equipment to do the Glute Kickback exercise?
155,Can you explain how to perform the Glute Kickback step-by-step?
156,What is the Machine Chest Press designed to work on?
156,How do I properly position myself on the chest press machine?
156,Which muscle groups are primarily activated during the Machine Chest Press?
156,What is the correct movement for the Machine Chest Press?
156,What type of equipment do I need for this exercise?
157,What is the primary muscle group targeted by the Single-Leg Squat exercise?
157,Do I need any equipment to perform the Single-Leg Squat?
157,Can you explain the proper stance for a Single-Leg Squat?
157,What is the correct way to lower my hips during a Single-Leg Squat?
157,Is the Single-Leg Squat considered a strength exercise?
158,What equipment do I need for the Push-Up to Row exercise?
158,Which muscle groups are primarily targeted by the Push-Up to Row?
158,Can you describe the starting position for the Push-Up to Row?
158,What type of fitness activity is the Push-Up to Row classified as?
158,What is the sequence of movements for performing a Push-Up to Row?
159,What is the target muscle group for the Smith Machine Row exercise?
159,Can you describe the proper stance for performing the Smith Machine Row?
159,What equipment do I need for the Smith Machine Row exercise?
159,How should I position my body when rowing the bar towards my torso?
159,What type of exercise is the Smith Machine Row categorized as?
160,What is the Lat Pullover exercise and what does it target?
160,What type of equipment do I need for the Lat Pullover?
160,Can you provide instructions on how to perform the Lat Pullover correctly?
160,Which muscle groups are activated during the Lat Pullover?
160,Is the Lat Pullover considered a strength exercise?
161,What is the name of the exercise that targets the upper body using a Smith machine?
161,Which muscle groups are engaged during the Smith Machine Shoulder Press?
161,Can you provide the steps to properly perform the Smith Machine Shoulder Press?
161,What type of exercise is the Smith Machine Shoulder Press classified as?
161,What body part does the Smith Machine Shoulder Press primarily work on?
162,What equipment do I need to perform the Cable Woodchopper exercise?
162,Which body part does the Cable Woodchopper primarily target?
162,Can you explain the proper form for executing the Cable Woodchopper?
162,What muscle groups are engaged when doing the Cable Woodchopper?
162,Is the Cable Woodchopper considered a strength or cardio exercise?
163,What type of exercise is the Machine Back Extension?
163,What equipment do I need for the Machine Back Extension?
163,Which body part does the Machine Back Extension primarily target?
163,What muscles are activated during the Machine Back Extension?
163,Can you explain how to properly perform the Machine Back Extension?
164,What are the main muscles worked during the Prone Leg Curl exercise?
164,Can you explain how to properly use a leg curl machine for this exercise?
164,Is the Prone Leg Curl primarily for strength training or another type of activity?
164,What position should my body be in when performing the Prone Leg Curl?
164,What does the movement involve during the Prone Leg Curl exercise?
165,What is the correct position for the Seated Dumbbell Press before starting the exercise?
165,Which muscles are primarily targeted during the Seated Dumbbell Press?
165,How should I grip the dumbbells while performing the Seated Dumbbell Press?
165,What is the starting weight recommendation for beginners doing the Seated Dumbbell Press?
165,"Is it necessary to use a bench while performing the Seated Dumbbell Press, or can I do it seated on a chair?"
166,What is the correct starting position for the Weighted Plank exercise?
166,Which muscle groups are primarily activated during the Weighted Plank?
166,How should I hold my body while performing the Weighted Plank?
166,What type of equipment do I need for the Weighted Plank?
166,Is the Weighted Plank primarily a strength or cardio exercise?
167,What type of exercise is the Step Mill classified as?
167,Which body parts does the Step Mill primarily target?
167,Can you tell me what muscles are activated during the Step Mill exercise?
167,How should I perform the Step Mill for best results?
167,Is the Step Mill suitable for lower body workouts?
168,What equipment do I need for the Standing Resistance Band Row?
168,Which body part does this exercise primarily target?
168,Can you explain the proper form for the Standing Resistance Band Row?
168,What muscle groups are activated during this exercise?
168,Is this exercise categorized as strength training or cardio?
169,What is the Dumbbell Lunge exercise primarily designed to target?
169,Can you describe the proper form for performing a Dumbbell Lunge?
169,What equipment do I need to perform a Dumbbell Lunge?
169,How do I execute the movement correctly during the Dumbbell Lunge?
169,Which muscles are engaged when doing Dumbbell Lunges?
170,What is the proper stance for performing a Reverse Curl?
170,Which muscles are primarily targeted during the Reverse Curl exercise?
170,How should I grip the dumbbells while doing the Reverse Curl?
170,Can you explain the correct motion for curling the weights in this exercise?
170,"Is this exercise suitable for beginners, and what equipment do I need?"
171,What equipment do I need for the Banded Pull-Up?
171,Which muscle groups are targeted by the Banded Pull-Up exercise?
171,Can you describe the correct form for performing a Banded Pull-Up?
171,What type of activity is the Banded Pull-Up classified as?
171,What part of the body does the Banded Pull-Up focus on?
172,What is the main focus of the Cable Face Pull exercise?
172,Which equipment do I need to perform Cable Face Pulls?
172,Can you explain how to properly execute the Cable Face Pull?
172,What muscle groups does the Cable Face Pull primarily target?
172,Is the Cable Face Pull an upper body or lower body exercise?
173,What is the Turkish Get-Up exercise and what does it target?
173,Do I need a specific weight for the kettlebell in the Turkish Get-Up?
173,Can you explain how to properly perform the Turkish Get-Up?
173,Which muscle groups are primarily engaged during the Turkish Get-Up?
173,Is the Turkish Get-Up suitable for beginners or should I have prior experience?
174,What is the name of the exercise that targets the core using a medicine ball?
174,Can you tell me the main muscle groups activated during Weighted Russian Twists?
174,What position should I be in to perform this exercise correctly?
174,How do I perform the twist movement with the medicine ball in Weighted Russian Twists?
174,Is the Weighted Russian Twist performed sitting down or standing up?
175,What type of exercise is the Cable Front Raise and how does it target the upper body?
175,Can you explain the proper form for performing a Cable Front Raise using a cable machine?
175,Which muscle groups are primarily activated during the Cable Front Raise?
175,What equipment do I need to perform the Cable Front Raise effectively?
175,"Is the Cable Front Raise considered a push exercise, and if so, why?"
176,What is the primary muscle worked during the Reverse Crunch exercise?
176,How should I position my body when performing the Reverse Crunch?
176,Do I need any equipment to do the Reverse Crunch?
176,What type of exercise is the Reverse Crunch classified as?
176,What is the correct movement for the Reverse Crunch?
177,What type of exercise is the Cable Tricep Kickback?
177,Which equipment do I need for the Cable Tricep Kickback?
177,What muscle groups does the Cable Tricep Kickback target?
177,Can you provide the steps for performing a Cable Tricep Kickback?
177,What part of the body is primarily worked during the Cable Tricep Kickback?
178,What is the Copenhagen Plank and how is it performed?
178,What body parts does the Copenhagen Plank target?
178,Do I need any equipment for the Copenhagen Plank?
178,How long should I hold the Copenhagen Plank position?
178,What muscle groups are activated during the Copenhagen Plank?
179,What muscles are primarily targeted by the Smith Machine Incline Press?
179,Can you explain the setup for the Smith Machine Incline Press?
179,Is the Smith Machine Incline Press suitable for beginners?
179,What is the correct form for the Smith Machine Incline Press?
179,How does the Smith Machine Incline Press compare to a traditional bench press?
180,What is the purpose of the Cable Lat Pulldown exercise?
180,Which muscles are activated during the Cable Lat Pulldown?
180,Can you explain how to properly perform the Cable Lat Pulldown?
180,What type of equipment do I need for the Cable Lat Pulldown?
180,Is the Cable Lat Pulldown considered a strength training exercise?
181,What is the name of the exercise that targets the lower body using a cable machine?
181,What type of equipment do I need for the Cable Side Lunge?
181,Which muscle groups are activated during the Cable Side Lunge?
181,Can you describe the steps to perform a Cable Side Lunge?
181,Is the Cable Side Lunge considered a push or pull exercise?
182,What is the primary muscle group targeted by the Dumbbell Bent-Over Row exercise?
182,Can you describe the setup and position I should be in to perform the Dumbbell Bent-Over Row correctly?
182,Is the Dumbbell Bent-Over Row categorized as a pull exercise or push exercise?
182,What type of equipment do I need to perform the Dumbbell Bent-Over Row?
182,Which body part does the Dumbbell Bent-Over Row primarily work on?
183,What is the Lateral Lunge exercise primarily targeting?
183,What equipment do I need for the Lateral Lunge?
183,How do I perform a Lateral Lunge correctly?
183,Which muscle groups are engaged during the Lateral Lunge?
183,What type of exercise is the Lateral Lunge classified as?
184,What are the primary muscle groups worked during the Seated Machine Row exercise?
184,Can you explain the correct seating position for the Seated Machine Row?
184,What type of exercise is the Seated Machine Row categorized as?
184,How should I perform the pulling motion in the Seated Machine Row?
184,What equipment do I need for the Seated Machine Row exercise?
185,What equipment do I need to perform the Decline Russian Twist exercise?
185,Which muscle groups are primarily targeted by the Decline Russian Twist?
185,Can you explain the steps to correctly perform a Decline Russian Twist?
185,What body part does the Decline Russian Twist mainly focus on?
185,Is the Decline Russian Twist considered a strength exercise?
186,What is the primary muscle group targeted by the Deadlift High Pull exercise?
186,Can I perform the Deadlift High Pull without any equipment?
186,What are the initial steps to begin the Deadlift High Pull?
186,Does the Deadlift High Pull exercise work my shoulders?
186,How does the Deadlift High Pull engage my glutes and hamstrings?
187,What is the name of the exercise that uses a cable machine and targets the upper body?
187,Can you explain how to perform the Reverse Grip Lat Pulldown correctly?
187,Which muscle groups are primarily activated during the Reverse Grip Lat Pulldown?
187,What type of activity does the Reverse Grip Lat Pulldown fall under?
187,What grip position should I use when doing the Reverse Grip Lat Pulldown?
188,What is the Cable Lateral Lunge exercise used for?
188,Which muscles are engaged during the Cable Lateral Lunge?
188,Can you explain how to perform the Cable Lateral Lunge correctly?
188,What equipment do I need for the Cable Lateral Lunge?
188,Is the Cable Lateral Lunge primarily a strength exercise?
189,What is the starting position for the Pike Push-Up exercise?
189,Which muscle groups does the Pike Push-Up target?
189,Is any equipment needed for the Pike Push-Up?
189,How do you execute the Pike Push-Up correctly?
189,What body part does the Pike Push-Up primarily work on?
190,What is the One-Arm Dumbbell Snatch exercise?
190,What equipment do I need for the One-Arm Dumbbell Snatch?
190,Which muscle groups does the One-Arm Dumbbell Snatch activate?
190,Can you explain the proper technique for performing a One-Arm Dumbbell Snatch?
190,How does the One-Arm Dumbbell Snatch benefit my overall fitness?
191,What is the Cable Front Squat exercise designed to target?
191,Can you explain how to set up the Cable Front Squat correctly?
191,What muscle groups are primarily worked during the Cable Front Squat?
191,"Is the Cable Front Squat suitable for beginners, and what should they be cautious of?"
191,What type of equipment is needed for the Cable Front Squat?
192,What is the main purpose of the Tire Flip exercise?
192,Which muscle groups are primarily worked during the Tire Flip?
192,Can you explain the proper technique for performing a Tire Flip?
192,What type of equipment is required to do the Tire Flip exercise?
192,Is the Tire Flip more beneficial for strength or endurance training?
193,How do I properly set up for the Smith Machine Calf Raise?
193,What muscles are primarily targeted during the Smith Machine Calf Raise exercise?
193,What type of equipment do I need for the Smith Machine Calf Raise?
193,Could you explain the movement technique for the Smith Machine Calf Raise?
193,Is the Smith Machine Calf Raise focused more on strength or endurance?
194,What is the Pistol Squat to Box exercise and how do I perform it?
194,Which muscle groups are targeted during the Pistol Squat to Box exercise?
194,Do I need any equipment to do the Pistol Squat to Box workout?
194,How does the Pistol Squat to Box exercise benefit my lower body strength?
194,Is the Pistol Squat to Box considered a push or pull exercise?
195,What is the Standing Chest Fly exercise typically used for?
195,Can you explain how to perform the Standing Chest Fly correctly?
195,Which muscle groups are primarily targeted by the Standing Chest Fly?
195,What type of equipment do I need to perform the Standing Chest Fly?
195,Is the Standing Chest Fly considered a push exercise?
196,What muscles does the Sled Drag exercise target?
196,What type of exercise is Sled Drag classified as?
196,Can you describe how to perform the Sled Drag?
196,What equipment is needed for the Sled Drag exercise?
196,Is the Sled Drag suitable for both cardio and strength training?
197,What is the correct way to perform a Cable Hammer Curl using a cable machine?
197,Which body parts are primarily engaged during the Cable Hammer Curl exercise?
197,Can you explain how to set up the cable machine for the Cable Hammer Curl?
197,What muscle groups will I be targeting when doing the Cable Hammer Curl?
197,Is the Cable Hammer Curl considered a pull or push type of exercise?
198,What is the Cable Tricep Overhead Extension exercise?
198,What type of equipment do I need for the Cable Tricep Overhead Extension?
198,Which muscle group is primarily activated during this exercise?
198,Can you describe how to properly perform the Cable Tricep Overhead Extension?
198,Is the Cable Tricep Overhead Extension considered a push or pull exercise?
199,What is the Seated Cable Row exercise used for?
199,Which muscles does the Seated Cable Row primarily target?
199,Can you explain how to perform the Seated Cable Row correctly?
199,What type of equipment do I need for the Seated Cable Row?
199,Is the Seated Cable Row considered a push or pull exercise?
200,What is the target muscle group for the Lying Dumbbell Tricep Extension?
200,What equipment do I need for this exercise?
200,Can you describe the proper form for performing this exercise?
200,Is this exercise classified under strength training?
200,What position should I be in while doing the Lying Dumbbell Tricep Extension?
201,What equipment do I need for a Weighted Pull-Up exercise?
201,Which muscles are primarily worked during a Weighted Pull-Up?
201,Can you explain the proper form for performing a Weighted Pull-Up?
201,Is the Weighted Pull-Up considered a bodyweight exercise?
201,What part of the body does the Weighted Pull-Up primarily target?
202,What equipment do I need for the Incline Dumbbell Row exercise?
202,Can you describe how to perform the Incline Dumbbell Row correctly?
202,Which muscles are primarily worked during the Incline Dumbbell Row?
202,What position should my body be in while doing the Incline Dumbbell Row?
202,Is the Incline Dumbbell Row focused on a pulling motion or a pushing motion?
203,What is the main muscle targeted by the Machine Lat Pulldown?
203,Can you describe the proper setup for the lat pulldown machine?
203,How should I grip the bar for the best results?
203,What is the correct movement for the Machine Lat Pulldown?
203,Which other muscle group is worked during this exercise?
204,What is the proper setup for the One-Arm Cable Row exercise?
204,Which muscle groups are primarily engaged during the One-Arm Cable Row?
204,Can you explain how to perform the One-Arm Cable Row correctly?
204,What type of equipment do I need for the One-Arm Cable Row?
204,Is the One-Arm Cable Row considered a strength exercise?
205,What equipment do I need to perform the Face Pull exercise?
205,Which muscle groups are primarily targeted by the Face Pull?
205,Can you provide the steps to correctly execute the Face Pull?
205,Is the Face Pull exercise suitable for upper body strength training?
205,What type of activity is the Face Pull classified as?
206,What type of exercise is the Dumbbell Bench Press classified as?
206,Which body part does the Dumbbell Bench Press primarily target?
206,What muscle groups are engaged during the Dumbbell Bench Press?
206,What are the steps to perform the Dumbbell Bench Press correctly?
206,What equipment do I need to do the Dumbbell Bench Press?
